Kitchen and Bakery,مندي ستيشن ,MANDY STATION,9.7,0500100932,MANDY_STATION@OUTLOOK.COM
Kitchen and Bakery,كبيبة حايل ,Kbeba,9.8,0534482399,Kbeba_@hotmail.com
Kitchen and Bakery,ترف ,TARAF,9.9,0566562312,info@tarafcoco.com
Kitchen and Bakery,لابتيت باستري ,La Petite Patisserie,10,0543540552,F22n@hotmail.com
Kitchen and Bakery,كيكة العسل الروسية هني ,huney bakery,9.9,0540717736,ymy_2_ymy@hotmail.com
Kitchen and Bakery,ساتينا ,Satina,9.2,0599911134,Mohammed.a.habis@gmail.com
Kitchen and Bakery,أويشي سوشي ,Oishiisushi,10,0566229310,info@oishiisushi.sa
Kitchen and Bakery,بسكوتي ,BISCOTTI,9.3,0547027030,biscotti.ksa@gmail.com
Kitchen and Bakery,الأطعمة اللذيذة  ,Yummy Food,10,0564810503,yummyfoods90@gmail.com
Kitchen and Bakery,سمورز بار بوكس ,Smoresbar Box,10,0597729105,Ghadahbader@gmail.com
Kitchen and Bakery,جريش امي ,Jresh ome,9.8,0539111213,Jresh.mama@gmail.com
Kitchen and Bakery,برجر على الطلب ,Burger on order,10,0570222720,Latefah.law@hotmail.com
Kitchen and Bakery,ديزرت ,Deseert,10,0550099502,deseert-sc@hotmail.com
Kitchen and Bakery,مذاق زمان ,10,0550506554,mathaq_zaman@hotmail.com
Kitchen and Bakery,إن بيكس ,nBakes,9.6,0595791112,nBakes.sa@gmail.com
Kitchen and Bakery,ڤانيلا سكاي ,Vanilla Sky Sweets,10,0502858234,Vanilla.sky.sweets@hotmail.com
Kitchen and Bakery,كأس المخبوزات للحلويات ,Bakery Cup,10,0556660905,info@bakerycup.com.sa
Kitchen and Bakery,مطعم افضل السلطات ,Best salads,10,011-2031881,0530656708,bestsalad2@gmail.com
Kitchen and Bakery,موناليزا كيك ,Monalisa cake,9.6,0533477810,Monalisa_kitchen@gmail.com
Kitchen and Bakery,بيستوليفيا ,Pestolivia,9.6,0550192809,nano_sns@hotmail.com
Kitchen and Bakery,جريش امي ,Jresh ome,9.8,0539111213,Jresh.mama@gmail.com
Kitchen and Bakery,برجر على الطلب ,Burger on order,10,0570222720,Latefah.law@hotmail.com
Kitchen and Bakery,ديزرت ,Deseert,10,0550099502,deseert-sc@hotmail.com
Kitchen and Bakery,مذاق زمان ,10,0550506554,mathaq_zaman@hotmail.com
Kitchen and Bakery,إن بيكس ,nBakes,9.6,0595791112,nBakes.sa@gmail.com
Kitchen and Bakery,ڤانيلا سكاي ,Vanilla Sky Sweets,10,0502858234,Vanilla.sky.sweets@hotmail.com
Kitchen and Bakery,كأس المخبوزات للحلويات ,Bakery Cup,10,0556660905,info@bakerycup.com.sa
Kitchen and Bakery,مطعم افضل السلطات ,Best salads,10,011-2031881,0530656708,bestsalad2@gmail.com
Kitchen and Bakery,موناليزا كيك ,Monalisa cake,9.6,0533477810,Monalisa_kitchen@gmail.com
Kitchen and Bakery,بيستوليفيا ,Pestolivia,9.6,0550192809,nano_sns@hotmail.com
Kitchen and Bakery,جريش امي ,Jresh ome,9.8,0539111213,Jresh.mama@gmail.com
Kitchen and Bakery,برجر على الطلب ,Burger on order,10,0570222720,Latefah.law@hotmail.com
Kitchen and Bakery,ديزرت ,Deseert,10,0550099502,deseert-sc@hotmail.com
Kitchen and Bakery,مذاق زمان ,10,0550506554,mathaq_zaman@hotmail.com
Kitchen and Bakery,إن بيكس ,nBakes,9.6,0595791112,nBakes.sa@gmail.com
Kitchen and Bakery,ڤانيلا سكاي ,Vanilla Sky Sweets,10,0502858234,Vanilla.sky.sweets@hotmail.com
Kitchen and Bakery,كأس المخبوزات للحلويات ,Bakery Cup,10,0556660905,info@bakerycup.com.sa
Kitchen and Bakery,مطعم افضل السلطات ,Best salads,10,011-2031881,0530656708,bestsalad2@gmail.com
Kitchen and Bakery,موناليزا كيك ,Monalisa cake,9.6,0533477810,Monalisa_kitchen@gmail.com
Kitchen and Bakery,بيستوليفيا ,Pestolivia,9.6,0550192809,nano_sns@hotmail.com
Kitchen and Bakery,جريش امي ,Jresh ome,9.8,0539111213,Jresh.mama@gmail.com
Kitchen and Bakery,برجر على الطلب ,Burger on order,10,0570222720,Latefah.law@hotmail.com
Kitchen and Bakery,ديزرت ,Deseert,10,0550099502,deseert-sc@hotmail.com
Kitchen and Bakery,مذاق زمان ,10,0550506554,mathaq_zaman@hotmail.com
Kitchen and Bakery,إن بيكس ,nBakes,9.6,0595791112,nBakes.sa@gmail.com
Kitchen and Bakery,ڤانيلا سكاي ,Vanilla Sky Sweets,10,0502858234,Vanilla.sky.sweets@hotmail.com
Kitchen and Bakery,كأس المخبوزات للحلويات ,Bakery Cup,10,0556660905,info@bakerycup.com.sa
Kitchen and Bakery,مطعم افضل السلطات ,Best salads,10,011-2031881,0530656708,bestsalad2@gmail.com
Kitchen and Bakery,موناليزا كيك ,Monalisa cake,9.6,0533477810,Monalisa_kitchen@gmail.com
Kitchen and Bakery,بيستوليفيا ,Pestolivia,9.6,0550192809,nano_sns@hotmail.com
Kitchen and Bakery,جريش امي ,Jresh ome,9.8,0539111213,Jresh.mama@gmail.com
Kitchen and Bakery,برجر على الطلب ,Burger on order,10,0570222720,Latefah.law@hotmail.com
Kitchen and Bakery,ديزرت ,Deseert,10,0550099502,deseert-sc@hotmail.com
Kitchen and Bakery,مذاق زمان ,10,0550506554,mathaq_zaman@hotmail.com
Kitchen and Bakery,إن بيكس ,nBakes,9.6,0595791112,nBakes.sa@gmail.com
Kitchen and Bakery,ڤانيلا سكاي ,Vanilla Sky Sweets,10,0502858234,Vanilla.sky.sweets@hotmail.com
Kitchen and Bakery,كأس المخبوزات للحلويات ,Bakery Cup,10,0556660905,info@bakerycup.com.sa
Kitchen and Bakery,مطعم افضل السلطات ,Best salads,10,011-2031881,0530656708,bestsalad2@gmail.com
Kitchen and Bakery,موناليزا كيك ,Monalisa cake,9.6,0533477810,Monalisa_kitchen@gmail.com
Kitchen and Bakery,بيستوليفيا ,Pestolivia,9.6,0550192809,nano_sns@hotmail.com
Kitchen and Bakery,جريش امي ,Jresh ome,9.8,0539111213,Jresh.mama@gmail.com
Kitchen and Bakery,برجر على الطلب ,Burger on order,10,0570222720,Latefah.law@hotmail.com
Kitchen and Bakery,ديزرت ,Deseert,10,0550099502,deseert-sc@hotmail.com
Kitchen and Bakery,مذاق زمان ,10,0550506554,mathaq_zaman@hotmail.com
Kitchen and Bakery,إن بيكس ,nBakes,9.6,0595791112,nBakes.sa@gmail.com
Kitchen and Bakery,ڤانيلا سكاي ,Vanilla Sky Sweets,10,0502858234,Vanilla.sky.sweets@hotmail.com
Kitchen and Bakery,كأس المخبوزات للحلويات ,Bakery Cup,10,0556660905,info@bakerycup.com.sa
Kitchen and Bakery,مطعم افضل السلطات ,Best salads,10,011-2031881,0530656708,bestsalad2@gmail.com
Kitchen and Bakery,موناليزا كيك ,Monalisa cake,9.6,0533477810,Monalisa_kitchen@gmail.com
Kitchen and Bakery,بيستوليفيا ,Pestolivia,9.6,0550192809,nano_sns@hotmail.com
Kitchen and Bakery,جريش امي ,Jresh ome,9.8,0539111213,Jresh.mama@gmail.com
Kitchen and Bakery,برجر على الطلب ,Burger on order,10,0570222720,Latefah.law@hotmail.com
Kitchen and Bakery,ديزرت ,Deseert,10,0550099502,deseert-sc@hotmail.com
Kitchen and Bakery,مذاق زمان ,10,0550506554,mathaq_zaman@hotmail.com
Kitchen and Bakery,إن بيكس ,nBakes,9.6,0595791112,nBakes.sa@gmail.com
Kitchen and Bakery,ڤانيلا سكاي ,Vanilla Sky Sweets,10,0502858234,Vanilla.sky.sweets@hotmail.com
Kitchen and Bakery,كأس المخبوزات للحلويات ,Bakery Cup,10,0556660905,info@bakerycup.com.sa
Kitchen and Bakery,مطعم افضل السلطات ,Best salads,10,011-2031881,0530656708,bestsalad2@gmail.com
Kitchen and Bakery,موناليزا كيك ,Monalisa cake,9.6,0533477810,Monalisa_kitchen@gmail.com
Kitchen and Bakery,بيستوليفيا ,Pestolivia,9.6,0550192809,nano_sns@hotmail.com
Kitchen and Bakery,جريش امي ,Jresh ome,9.8,0539111213,Jresh.mama@gmail.com
Kitchen and Bakery,برجر على الطلب ,Burger on order,10,0570222720,Latefah.law@hotmail.com
Kitchen and Bakery,ديزرت ,Deseert,10,0550099502,deseert-sc@hotmail.com
Kitchen and Bakery,مذاق زمان ,10,0550506554,mathaq_zaman@hotmail.com
Kitchen and Bakery,إن بيكس ,nBakes,9.6,0595791112,nBakes.sa@gmail.com
Kitchen and Bakery,ڤانيلا سكاي ,Vanilla Sky Sweets,10,0502858234,Vanilla.sky.sweets@hotmail.com
Kitchen and Bakery,كأس المخبوزات للحلويات ,Bakery Cup,10,0556660905,info@bakerycup.com.sa
Kitchen and Bakery,مطعم افضل السلطات ,Best salads,10,011-2031881,0530656708,bestsalad2@gmail.com
Kitchen and Bakery,موناليزا كيك ,Monalisa cake,9.6,0533477810,Monalisa_kitchen@gmail.com
Kitchen and Bakery,بيستوليفيا ,Pestolivia,9.6,0550192809,nano_sns@hotmail.com
Kitchen and Bakery,جريش امي ,Jresh ome,9.8,0539111213,Jresh.mama@gmail.com
Kitchen and Bakery,برجر على الطلب ,Burger on order,10,0570222720,Latefah.law@hotmail.com
Kitchen and Bakery,ديزرت ,Deseert,10,0550099502,deseert-sc@hotmail.com
Kitchen and Bakery,مذاق زمان ,10,0550506554,mathaq_zaman@hotmail.com
Kitchen and Bakery,إن بيكس ,nBakes,9.6,0595791112,nBakes.sa@gmail.com
Kitchen and Bakery,ڤانيلا سكاي ,Vanilla Sky Sweets,10,0502858234,Vanilla.sky.sweets@hotmail.com
Kitchen and Bakery,كأس المخبوزات للحلويات ,Bakery Cup,10,0556660905,info@bakerycup.com.sa
Kitchen and Bakery,مطعم افضل السلطات ,Best salads,10,011-2031881,0530656708,bestsalad2@gmail.com
Kitchen and Bakery,موناليزا كيك ,Monalisa cake,9.6,0533477810,Monalisa_kitchen@gmail.com
Kitchen and Bakery,بيستوليفيا ,Pestolivia,9.6,0550192809,nano_sns@hotmail.com
Kitchen and Bakery,جريش امي ,Jresh ome,9.8,0539111213,Jresh.mama@gmail.com
Kitchen and Bakery,برجر على الطلب ,Burger on order,10,0570222720,Latefah.law@hotmail.com
Kitchen and Bakery,ديزرت ,Deseert,10,0550099502,deseert-sc@hotmail.com
Kitchen and Bakery,مذاق زمان ,10,0550506554,mathaq_zaman@hotmail.com
Kitchen and Bakery,إن بيكس ,nBakes,9.6,0595791112,nBakes.sa@gmail.com
Kitchen and Bakery,ڤانيلا سكاي ,Vanilla Sky Sweets,10,0502858234,Vanilla.sky.sweets@hotmail.com
Kitchen and Bakery,كأس المخبوزات للحلويات ,Bakery Cup,10,0556660905,info@bakerycup.com.sa
Kitchen and Bakery,مطعم افضل السلطات ,Best salads,10,011-2031881,0530656708,bestsalad2@gmail.com
Kitchen and Bakery,موناليزا كيك ,Monalisa cake,9.6,0533477810,Monalisa_kitchen@gmail.com
Kitchen and Bakery,بيستوليفيا ,Pestolivia,9.6,0550192809,nano_sns@hotmail.com
Kitchen and Bakery,جريش امي ,Jresh ome,9.8,0539111213,Jresh.mama@gmail.com
Kitchen and Bakery,برجر على الطلب ,Burger on order,10,0570222720,Latefah.law@hotmail.com
Kitchen and Bakery,ديزرت ,Deseert,10,0550099502,deseert-sc@hotmail.com
Kitchen and Bakery,مذاق زمان ,10,0550506554,mathaq_zaman@hotmail.com
Kitchen and Bakery,إن بيكس ,nBakes,9.6,0595791112,nBakes.sa@gmail.com
Kitchen and Bakery,ڤانيلا سكاي ,Vanilla Sky Sweets,10,0502858234,Vanilla.sky.sweets@hotmail.com
Kitchen and Bakery,كأس المخبوزات للحلويات ,Bakery Cup,10,0556660905,info@bakerycup.com.sa
Kitchen and Bakery,مطعم افضل السلطات ,Best salads,10,011-2031881,0530656708,bestsalad2@gmail.com
Kitchen and Bakery,موناليزا كيك ,Monalisa cake,9.6,0533477810,Monalisa_kitchen@gmail.com
Kitchen and Bakery,بيستوليفيا ,Pestolivia,9.6,0550192809,nano_sns@hotmail.com
